<?xml version="1.0" encoding="utf-8" ?><dwsync><file name="slider-3.jpg" server="ftp.onstatic-it.setupdns.net" local="3707895277" remote="3708269700" Dst="-1" /><file name="slider-2.jpg" server="ftp.onstatic-it.setupdns.net" local="3707895246" remote="3708269700" Dst="-1" /><file name="slider-1.jpg" server="ftp.onstatic-it.setupdns.net" local="3707895208" remote="3708269700" Dst="-1" /><file name="drink1.jpeg" server="ftp.onstatic-it.setupdns.net" local="3707657389" remote="3708269700" Dst="-1" /><file name="slider-5.jpg" server="ftp.onstatic-it.setupdns.net" local="3707897479" remote="3708269700" Dst="-1" /><file name="serata1.jpeg" server="ftp.onstatic-it.setupdns.net" local="3707660802" remote="3708269700" Dst="-1" /><file name="Card3.png" server="ftp.onstatic-it.setupdns.net" local="3707742041" remote="3708269700" Dst="-1" /><file name="card2.png" server="ftp.onstatic-it.setupdns.net" local="3707742128" remote="3708269700" Dst="-1" /><file name="card1.png" server="ftp.onstatic-it.setupdns.net" local="3707742177" remote="3708269700" Dst="-1" /><file name="logo.png" server="ftp.onstatic-it.setupdns.net" local="3707657736" remote="3708269700" Dst="-1" /><file name="slider-4.jpg" server="ftp.onstatic-it.setupdns.net" local="3707897490" remote="3708269700" Dst="-1" /><file name="sala-fuori.svg" server="ftp.onstatic-it.setupdns.net" local="3708254021" remote="3708269700" Dst="-1" /><file name="sala-dentro.svg" server="ftp.onstatic-it.setupdns.net" local="3708254347" remote="3708269700" Dst="-1" /><file name="local.jpeg" server="ftp.onstatic-it.setupdns.net" local="3707658982" remote="3708269700" Dst="-1" /></dwsync>