<?xml version="1.0" encoding="utf-8" ?><dwsync><file name="utility_desktop.css" server="ftp.onstatic-it.setupdns.net" local="3708259247" remote="3708269700" Dst="-1" /><file name="servizi_desktop.css" server="ftp.onstatic-it.setupdns.net" local="3708257854" remote="3708269700" Dst="-1" /><file name="background-page-1.jpg" server="ftp.onstatic-it.setupdns.net" local="3707814972" remote="3708269700" Dst="-1" /><file name="index_desktop.css" server="ftp.onstatic-it.setupdns.net" local="3707902451" remote="3708269700" Dst="-1" /><file name="normalize.css" server="ftp.onstatic-it.setupdns.net" local="3707291992" remote="3708269700" Dst="-1" /><file name="background-servizi.jpg" server="ftp.onstatic-it.setupdns.net" local="3708233297" remote="3708269700" Dst="-1" /><file name="serata_desktop.css" server="ftp.onstatic-it.setupdns.net" local="3708255742" remote="3708269700" Dst="-1" /><file name="hero.jpg" server="ftp.onstatic-it.setupdns.net" local="3707659586" remote="3708269700" Dst="-1" /></dwsync>