<?xml version="1.0" encoding="utf-8" ?><dwsync><file name="update.html" server="ftp.onstatic-it.setupdns.net" local="3708259338" remote="3708269700" Dst="-1" /><file name="lista.html" server="ftp.onstatic-it.setupdns.net" local="3708259286" remote="3708269700" Dst="-1" /><file name="about.html" server="ftp.onstatic-it.setupdns.net" local="3708233422" remote="3708269700" Dst="-1" /><file name="contatti.html" server="ftp.onstatic-it.setupdns.net" local="3707913995" remote="3708269700" Dst="-1" /><file name="login.html" server="ftp.onstatic-it.setupdns.net" local="3708236446" remote="3708269700" Dst="-1" /><file name="servizi.html" server="ftp.onstatic-it.setupdns.net" local="3707914101" remote="3708269700" Dst="-1" /><file name="private.html" server="ftp.onstatic-it.setupdns.net" local="3708245348" remote="3708269700" Dst="-1" /><file name="galleria.html" server="ftp.onstatic-it.setupdns.net" local="3707914065" remote="3708269700" Dst="-1" /><file name="delete.html" server="ftp.onstatic-it.setupdns.net" local="3708257624" remote="3708269700" Dst="-1" /><file name="new.html" server="ftp.onstatic-it.setupdns.net" local="3708259325" remote="3708269700" Dst="-1" /></dwsync>